day,cash
0,1000000.0
1,993615.0
2,987230.0
3,980845.0
4,974460.0
5,968075.0
6,961690.0
7,955305.0
8,948920.0
9,942535.0
10,936150.0
11,929765.0
12,923380.0
13,916995.0
14,910610.0
15,904225.0
16,897840.0
17,891455.0
18,885070.0
19,878685.0
20,872300.0
21,865915.0
22,861297.5
23,856625.5
24,852116.55
25,846941.75
26,841292.1
27,835150.29
28,830602.91
29,827103.41
30,823004.5
31,819619.52
32,816154.93
33,810579.31
34,805355.15
35,801312.07
36,798104.19
37,794235.22
38,790743.71
39,788016.89
40,782569.12
41,777996.12
42,774629.07
43,771676.65
44,769251.53
45,766250.0
46,763732.8
47,758403.33
48,753798.33
49,750927.64
50,749365.61
51,747023.01
52,748608.14
53,748913.83
54,747772.92
55,745985.39
56,745485.77
57,744996.96
58,746466.35
59,748896.51
60,751525.97
61,751455.98
62,751736.56
63,750783.04
64,750843.35
65,753363.65
66,755642.5
67,758262.3
68,758200.35
69,758319.82
70,757742.26
71,760474.81
72,763799.53
73,766766.76
74,767865.83
75,766897.6
76,766604.2
77,766530.03
78,766517.52
79,769362.98
80,771981.26
81,774219.11
82,777573.04
83,778871.3
84,781550.59
85,784367.88
86,787783.72
87,793270.16
88,799744.07
89,804248.12
90,808426.22
91,814117.54
92,821596.9
93,826521.43
94,832690.79
95,839824.07
96,844875.34
97,850114.76
98,857356.1
99,864883.32
100,872606.51
101,884888.78
102,896823.08
103,904837.53
104,912050.24
105,918942.75
106,930436.28
107,942548.89
108,954018.03
109,967995.83
110,978463.23
111,989263.7
112,1004277.23
113,1019285.2
114,1038019.75
115,1055827.94
116,1073108.03
117,1090181.72
118,1106348.35
119,1129030.08
120,1153125.39
121,1181104.1
122,1210611.4
123,1232966.18
124,1250941.17
125,1268564.04
126,1289991.78
127,1313472.65
128,1343943.11
129,1374036.79
130,1399417.55
131,1420345.35
132,1442556.78
133,1470072.55
134,1493317.66
135,1519983.34
136,1546388.67
137,1576547.97
138,1600089.0
139,1624044.34
140,1652989.04
141,1685252.6
142,1722857.11
143,1759593.48
144,1797113.97
145,1825711.16
146,1855903.05
147,1895911.21
148,1941848.45
149,1991225.11
150,2042533.21
151,2095833.81
152,2140530.48
153,2174841.71
154,2215624.28
155,2260455.99
156,2312684.94
157,2364596.23
158,2419470.52
159,2465074.21
160,2506887.63
161,2550101.69
162,2604032.52
163,2667461.11
164,2730887.35
165,2798277.33
166,2855763.32
167,2916256.56
168,2980886.11
169,3048164.7
170,3133012.59
171,3220598.62
172,3304526.8
173,3371980.05
174,3439794.55
175,3516800.23
176,3593356.27
177,3696110.39
178,3807784.08
179,3926970.51
180,4021287.39
181,4117731.37
182,4229138.14
183,4846303.87
184,5575536.74
185,6365328.88
186,7113987.32
187,7589017.48
188,8045859.65
189,8711352.74
190,9347557.9
191,9877544.61
192,10266432.73
193,10511624.54
194,10636007.85
195,10629890.35
196,10561227.91
197,10475696.25
198,10403317.08
199,10340930.08
200,10310442.61
201,10320842.69
202,10322661.56
203,10264270.13
204,10176370.69
205,10098826.23
206,10018643.33
207,9976068.89
208,9982290.82
209,9990417.98
210,9948947.49
211,9899727.18
212,9869939.01
213,10173035.36
214,10595765.97
215,11123815.27
216,11642442.63
217,11958043.61
218,12289284.37
219,12760722.26
220,13148556.97
221,13486220.49
222,13768770.2
223,13983556.45
224,14101150.54
225,14128860.48
226,14143963.84
227,14160919.17
228,14189953.81
229,14234548.19
230,14290876.45
231,14332768.54
232,14356356.67
233,14367308.5
234,14388032.61
235,14420445.39
236,14459641.27
237,14528648.55
238,14574771.25
239,14615401.7
240,14660986.69
241,14704270.37
242,14775959.79
243,15136329.78
244,15541922.7
245,15975094.87
246,16382091.85
247,16651727.36
248,16925653.46
249,17305031.51
250,17624457.88
251,17797470.5
252,17932610.38
253,18021064.59
254,18056606.8
255,18055163.2
256,18052371.43
257,18070586.83
258,18100537.53
259,18104222.2
260,18118490.68
261,18100652.03
262,18076264.13
263,18032847.74
264,18013552.11
265,17975595.97
266,17913419.35
267,17866303.65
268,17822231.75
269,17780756.71
270,17746837.2
271,17729554.27
272,17719280.63
273,17780528.16
274,17873696.76
275,17977385.74
276,18088009.15
277,18151136.76
278,18228885.15
279,18362254.82
280,18366268.15
281,18368253.4
282,18367938.81
283,18362741.88
284,18346905.7
285,18336931.9
286,18315170.2
287,18280076.6
288,18245871.4
289,18210971.73
290,18186404.87
291,18160199.85
292,18138201.16
293,18105272.45
294,18055634.71
295,17995718.09
296,17927418.41
297,17868561.8
298,17817083.27
299,17787900.78
300,17756903.09
301,17705800.61
302,17651942.64
303,17660318.48
304,17695552.52
305,17750351.33
306,17826613.05
307,17844882.23
308,17841183.22
309,17881862.44
310,17847175.92
311,17820248.68
312,17801106.66
313,17782609.5
314,17764836.73
315,17732207.5
316,17691951.11
317,17652046.39
318,17610124.17
319,17576261.17
320,17560849.91
321,17546683.66
322,17508536.32
323,17466891.79
324,17426858.49
325,17388216.49
326,17353229.18
327,17332542.55
328,17310181.07
329,17277956.66
330,17244824.27
331,17210228.35
332,17179642.3
333,17159681.69
334,17154575.97
335,17154632.56
336,17147771.65
337,17131068.98
338,17115581.93
339,17104814.92
340,17089528.97
341,17079640.14
342,17067511.26
343,17052501.3
344,17036350.56
345,17020679.03
346,17005827.81
347,16993114.5
348,16982530.42
349,16973887.34
350,16957430.88
351,16940538.97
352,16924417.66
353,16907961.15
354,16892990.39
355,16879867.26
356,16866922.7
357,16851738.96
358,16839780.66
359,16827545.36
360,16815829.89
361,16804825.64
362,16796408.54
363,16786526.54
364,16774884.1
365,16764371.15
366,16753818.95
367,16743207.91
368,16733234.18
369,16724212.3
370,16715076.78
371,16705352.38
372,16695535.02
373,16686250.83
374,16676946.02
375,16667637.27
376,16659443.36
377,16650807.38
378,16641689.34
379,16633595.67
380,16625543.27
381,16617406.79
382,16610308.87
383,16602887.04
384,16595644.13
385,16587847.54
386,16580403.92
387,16572352.75
388,16564637.33
389,16557176.76
390,16549600.63
391,16542045.45
392,16534691.18
393,16527439.22
394,16520187.8
395,16513847.32
396,16507052.07
397,16500166.2
398,16493281.35
399,16486346.61
400,16479108.71
401,16471968.02
402,16464622.16
403,16457799.2
404,16450862.94
405,16443652.43
406,16436552.93
407,16429267.78
408,16421808.89
409,16414640.53
410,16407390.5
411,16400188.26
412,16393590.44
413,16386456.36
414,16379354.68
415,16372024.47
416,16365040.68
417,16357642.63
418,16350559.32
419,16343590.73
420,16336254.29
421,16328840.09
422,16321529.29
423,16314288.95
424,16307022.12
425,16300450.19
426,16293331.86
427,16286193.16
428,16279036.29
429,16271981.79
430,16264610.42
431,16257375.13
432,16250108.87
433,16243063.49
434,16235843.32
435,16228610.89
436,16221424.13
437,16214084.4
438,16206763.04
439,16199507.67
440,16192255.32
441,16184886.1
442,16177728.25
443,16170516.01
444,16163313.62
445,16155909.87
446,16148730.04
447,16141443.63
448,16134161.88
449,16127090.74
450,16119741.3
451,16112400.78
452,16105182.74
453,16098013.31
454,16090789.63
455,16083907.21
456,16076745.69
457,16069635.82
458,16062367.39
459,16055388.55
460,16048119.63
461,16040960.93
462,16033708.27
463,16026445.0
464,16019237.25
465,16011925.81
466,16004627.8
467,15997312.3
468,15989997.72
469,15982651.93
470,15975300.31
471,15967946.59
472,15960597.49
473,15953262.46
474,15945957.12
475,15938654.63
476,15931326.59
477,15923995.37
478,15916661.72
479,15909335.82
480,15902024.63
481,15894732.01
482,15887440.04
483,15880131.34
484,15872821.15
485,15865512.02
486,15858214.96
487,15850924.75
488,15843647.51
489,15836370.31
490,15829090.27
491,15821812.37
492,15814538.43
493,15807268.03
494,15799999.36
495,15792733.47
496,15785468.06
497,15778203.06
498,15770938.06
499,15763673.06
500,15756408.06
